CREATE DATABASE IF NOT EXISTS thestar
DEFAULT CHARACTER SET UTF8MB4
DEFAULT COLLATE UTF8MB4_UNICODE_CI;

USE thestar;
-- DESC MEMBERS; 

SET FOREIGN_KEY_CHECKS = 0;
-- ====================================================================
DROP TABLE IF EXISTS AVAILABLE_TABLE;
DROP TABLE IF EXISTS RESTAURANT_MENU;
DROP TABLE IF EXISTS RESTAURANT_REVIEW;
DROP TABLE IF EXISTS RESTAURANT_RESERVATION;
DROP TABLE IF EXISTS BUSINESS_HOURS;
DROP TABLE IF EXISTS MENU_CATEGORY;
DROP TABLE IF EXISTS TABLE_TYPE;
-- ====================================================================
DROP TABLE IF EXISTS STAY_RECORD;
DROP TABLE IF EXISTS REFUND_LIST;
DROP TABLE IF EXISTS ROOM_ORDER_LIST;
DROP TABLE IF EXISTS ROOM_ORDER;
DROP TABLE IF EXISTS ROOM_INVENTORY;
-- ====================================================================
DROP TABLE IF EXISTS ROOM;             
DROP TABLE IF EXISTS ROOM_TYPE_PHOTO;  
DROP TABLE IF EXISTS ROOM_TYPE;        
DROP TABLE IF EXISTS CANNED_MESSAGE;   
-- ====================================================================
DROP TABLE IF EXISTS REVIEW;
DROP TABLE IF EXISTS ARTICLE;
DROP TABLE IF EXISTS NEWS;
DROP TABLE IF EXISTS EMPLOYEE;
DROP TABLE IF EXISTS JOB_TITLE;
DROP TABLE IF EXISTS DEPARTMENT;
-- ====================================================================
DROP TABLE IF EXISTS CART_ITEM;
DROP TABLE IF EXISTS PRODUCT_REVIEW;
DROP TABLE IF EXISTS PRODUCT_ORDER_ITEM;
DROP TABLE IF EXISTS SHOP_ORDER;
DROP TABLE IF EXISTS PRODUCT_IMAGE;
DROP TABLE IF EXISTS PRODUCTS;
DROP TABLE IF EXISTS PRODUCT_CATEGORY;
-- ====================================================================
DROP TABLE IF EXISTS MEMBER_NOTIFY;
DROP TABLE IF EXISTS MEMBER_COUPON;
DROP TABLE IF EXISTS COUPONS;
DROP TABLE IF EXISTS MEMBERS;
-- ====================================================================
SET FOREIGN_KEY_CHECKS = 1;


-- ========================================================================================================
-- 會員MEMBERS
-- ========================================================================================================
CREATE TABLE MEMBERS (
    MEMBER_ID            INT             NOT NULL AUTO_INCREMENT,
    MEMBER_NAME          VARCHAR(50)     NOT NULL,
    MEMBER_EMAIL         VARCHAR(100)    NOT NULL,
    MEMBER_PASSWORD      VARCHAR(255)    NOT NULL,
    MEMBER_PHONE         VARCHAR(20)     NOT NULL,
    MEMBER_ADDRESS       VARCHAR(100)    NOT NULL,
    MEMBER_BIRTHDAY      DATE,
    MEMBER_GENDER        TINYINT         COMMENT '0:FEMALE 1:MALE 2:UNKNOW',
    MEMBER_PICTURE       LONGBLOB,
    MEMBER_STATUS        TINYINT         NOT NULL DEFAULT 0 COMMENT '0:NOT_ENABLED 1:ENABLED 2:DISABLED',
    CREATED_TIME         DATETIME        NOT NULL DEFAULT CURRENT_TIMESTAMP,
    UPDATED_TIME         DATETIME        NOT NULL DEFAULT CURRENT_TIMESTAMP ON UPDATE CURRENT_TIMESTAMP,
    RESET_TOKEN          VARCHAR(255),
    RESET_EXPIRE_TIME    DATETIME,
    VERIFY_TOKEN 		 VARCHAR(255),
	VERIFY_EXPIRE_TIME 	 DATETIME,

    CONSTRAINT MEMBERS_MEMBER_ID_PK PRIMARY KEY (MEMBER_ID),
    CONSTRAINT MEMBERS_MEMBER_EMAIL_UK UNIQUE KEY (MEMBER_EMAIL),
    CONSTRAINT MEMBERS_MEMBER_GENDER_CK CHECK (MEMBER_GENDER IN (0, 1, 2)),
    CONSTRAINT MEMBERS_MEMBER_STATUS_CK CHECK (MEMBER_STATUS IN (0, 1, 2))
) ENGINE = INNODB DEFAULT CHARSET = UTF8MB4 COLLATE = UTF8MB4_UNICODE_CI;

INSERT INTO MEMBERS (
    MEMBER_NAME,
    MEMBER_EMAIL,
    MEMBER_PASSWORD,
    MEMBER_PHONE,
    MEMBER_ADDRESS,
    MEMBER_BIRTHDAY,
    MEMBER_GENDER,
    MEMBER_STATUS,
    VERIFY_TOKEN,
    VERIFY_EXPIRE_TIME
)
-- 密碼MEMBER_PASSWORD暫時以測試用明碼
VALUES
('AAA', 'one@example.com', '123456', '0911111111', '台北市信義區', '1998-01-01', 1, 1, NULL, NULL),
('BBB', 'two@example.com', '123456', '0922222222', '新北市板橋區', '1999-05-12', 0, 1, NULL, NULL),
('CCC', 'third@example.com', '123456', '0933333333', '桃園市桃園區', '1995-08-20', 1, 0, 'verify-token-ccc', DATE_ADD(NOW(), INTERVAL 5 MINUTE)),
('DDD', 'four@example.com', '123456', '0944444444', '桃園市中壢區', '2014-03-20', 1, 0, 'verify-token-ddd', DATE_ADD(NOW(), INTERVAL 5 MINUTE)),
('EEE', 'five@example.com', '123456', '0955555555', '桃園市中壢區', '2003-09-17', 2, 2, NULL, NULL);
-- ========================================================================================================
-- 優惠券COUPONS
-- ========================================================================================================
CREATE TABLE COUPONS (
    COUPON_ID              INT             NOT NULL AUTO_INCREMENT,
    COUPON_NAME            VARCHAR(100)    NOT NULL,
    DESCRIPTION            VARCHAR(1000),
    DISCOUNT_VALUE         DECIMAL(10,2)   NOT NULL,
    REMAINING_QUANTITY     INT,
    VALID_MONTHS           INT,
    STATUS                 TINYINT         NOT NULL DEFAULT 0 COMMENT '0:NOT_ENABLED 1:ENABLED',

    CONSTRAINT COUPONS_COUPON_ID_PK PRIMARY KEY (COUPON_ID),
    CONSTRAINT COUPONS_DISCOUNT_VALUE_CK CHECK (DISCOUNT_VALUE >= 0),
    CONSTRAINT COUPONS_REMAINING_QUANTITY_CK CHECK (REMAINING_QUANTITY IS NULL OR REMAINING_QUANTITY >= 0),
    CONSTRAINT COUPONS_VALID_MONTHS_CK CHECK (VALID_MONTHS IS NULL OR VALID_MONTHS > 0),
    CONSTRAINT COUPONS_STATUS_CK CHECK (STATUS IN (0, 1))
) ENGINE = INNODB DEFAULT CHARSET = UTF8MB4 COLLATE = UTF8MB4_UNICODE_CI;

INSERT INTO COUPONS (
    COUPON_NAME,
    DESCRIPTION,
    DISCOUNT_VALUE,
    REMAINING_QUANTITY,
    VALID_MONTHS,
    STATUS
)
VALUES
('新會員註冊禮', '新會員完成註冊後可領取住宿折抵券', 300.00, 100, 3, 1),
('生日優惠券', '會員生日月份可使用的住宿折抵券', 500.00, 50, 1, 1),
('平日住宿優惠', '平日入住可折抵住宿金額', 800.00, 30, 6, 1);
-- ========================================================================================================
-- 會員優惠券MEMBER_COUPON
-- ========================================================================================================
CREATE TABLE MEMBER_COUPON (
    MEMBER_COUPON_ID    INT         NOT NULL AUTO_INCREMENT,
    MEMBER_ID           INT         NOT NULL,
    COUPON_ID           INT         NOT NULL,
    USED_STATUS         TINYINT     NOT NULL DEFAULT 0 COMMENT '0:NOT_USED 1:USED',
    CLAIMED_TIME        DATETIME    NOT NULL DEFAULT CURRENT_TIMESTAMP,
    USAGE_END_TIME      DATETIME    NOT NULL,
    USED_TIME           DATETIME,

    CONSTRAINT MEMBER_COUPON_MEMBER_COUPON_ID_PK PRIMARY KEY (MEMBER_COUPON_ID),
    CONSTRAINT MEMBER_COUPON_MEMBER_ID_COUPON_ID_UK UNIQUE KEY (MEMBER_ID, COUPON_ID),
    CONSTRAINT MEMBER_COUPON_MEMBER_ID_FK FOREIGN KEY (MEMBER_ID) REFERENCES MEMBERS (MEMBER_ID),
    CONSTRAINT MEMBER_COUPON_COUPON_ID_FK FOREIGN KEY (COUPON_ID) REFERENCES COUPONS (COUPON_ID),
    CONSTRAINT MEMBER_COUPON_USED_STATUS_CK CHECK (USED_STATUS IN (0, 1)),
    CONSTRAINT MEMBER_COUPON_USAGE_END_TIME_CK CHECK (USAGE_END_TIME >= CLAIMED_TIME),
    CONSTRAINT MEMBER_COUPON_USED_TIME_CK CHECK (
        (USED_STATUS = 0 AND USED_TIME IS NULL)
        OR
        (USED_STATUS = 1 AND USED_TIME IS NOT NULL)
    )
) ENGINE = INNODB DEFAULT CHARSET = UTF8MB4 COLLATE = UTF8MB4_UNICODE_CI;

INSERT INTO MEMBER_COUPON (
    MEMBER_ID,
    COUPON_ID,
    USED_STATUS,
    CLAIMED_TIME,
    USAGE_END_TIME,
    USED_TIME
)
VALUES
(1, 1, 0, '2026-05-01 10:00:00', '2026-08-01 23:59:59', NULL),
(1, 2, 1, '2026-05-05 11:30:00', '2026-06-05 23:59:59', '2026-05-20 15:30:00'),
(2, 1, 0, '2026-05-02 09:20:00', '2026-08-02 23:59:59', NULL),
(3, 3, 0, '2026-05-03 14:10:00', '2026-11-03 23:59:59', NULL),
(4, 1, 0, '2026-05-04 16:45:00', '2026-08-04 23:59:59', NULL);

-- ========================================================================================================
-- 會員通知MEMBER_NOTIFY
-- ========================================================================================================
CREATE TABLE MEMBER_NOTIFY (
    MEMBER_NOTIFY_ID    INT             NOT NULL AUTO_INCREMENT,
    MEMBER_ID           INT             NOT NULL,
    CONTENT             VARCHAR(1000)   NOT NULL,
    IS_READ             TINYINT         NOT NULL DEFAULT 0 COMMENT '0:NOT_READ 1:READ',
    CREATED_TIME        DATETIME        NOT NULL DEFAULT CURRENT_TIMESTAMP,

    CONSTRAINT MEMBER_NOTIFY_MEMBER_NOTIFY_ID_PK PRIMARY KEY (MEMBER_NOTIFY_ID),
    CONSTRAINT MEMBER_NOTIFY_MEMBER_ID_FK FOREIGN KEY (MEMBER_ID) REFERENCES MEMBERS (MEMBER_ID),
    CONSTRAINT MEMBER_NOTIFY_IS_READ_CK CHECK (IS_READ IN (0, 1))
) ENGINE = INNODB DEFAULT CHARSET = UTF8MB4 COLLATE = UTF8MB4_UNICODE_CI;

INSERT INTO MEMBER_NOTIFY (
    MEMBER_ID,
    CONTENT,
    IS_READ,
    CREATED_TIME
)
VALUES
(1, '歡迎加入 The Star Hotel，您已成功註冊會員。', 1, '2026-05-01 10:01:00'),
(1, '您已成功領取新會員註冊禮優惠券。', 0, '2026-05-01 10:02:00'),
(1, '您的生日優惠券已發送至會員帳戶，請於期限內使用。', 0, '2026-05-05 09:00:00'),
(2, '您已成功領取新會員註冊禮優惠券。', 0, '2026-05-02 09:21:00'),
(3, '您的會員帳號尚未啟用，請完成信箱驗證。', 0, '2026-05-04 16:46:00');

-- ========================================================================================================
-- 購物
-- ========================================================================================================
-- 1. PRODUCT_CATEGORY 商品類別
CREATE TABLE PRODUCT_CATEGORY (
    PRODUCT_CATEGORY_ID   INT NOT NULL AUTO_INCREMENT,
    PRODUCT_CATEGORY_NAME VARCHAR(30) NOT NULL,
    CONSTRAINT PRODUCT_CATEGORY_PRODUCT_CATEGORY_ID_PK PRIMARY KEY (PRODUCT_CATEGORY_ID)
) ENGINE = INNODB AUTO_INCREMENT = 1 DEFAULT CHARSET = UTF8MB4 COLLATE = UTF8MB4_UNICODE_CI;

INSERT INTO PRODUCT_CATEGORY (PRODUCT_CATEGORY_NAME) VALUES ('糕點餅乾');
INSERT INTO PRODUCT_CATEGORY (PRODUCT_CATEGORY_NAME) VALUES ('茶葉茶包');
INSERT INTO PRODUCT_CATEGORY (PRODUCT_CATEGORY_NAME) VALUES ('果醬蜂蜜');
INSERT INTO PRODUCT_CATEGORY (PRODUCT_CATEGORY_NAME) VALUES ('肉乾零食');
INSERT INTO PRODUCT_CATEGORY (PRODUCT_CATEGORY_NAME) VALUES ('禮盒套組');

-- 2. PRODUCTS 商品
CREATE TABLE PRODUCTS (
    PRODUCT_ID            INT NOT NULL AUTO_INCREMENT,
    PRODUCT_CATEGORY_ID   INT NOT NULL,
    PRODUCT_PRICE         INT NOT NULL,
    PRODUCT_DESC          VARCHAR(1000) NOT NULL,
    PRODUCT_NAME          VARCHAR(30)   NOT NULL,
    PRODUCT_QUANTITY      INT NOT NULL,
    PRODUCT_STATUS        TINYINT NOT NULL COMMENT '0:OFF_SHELF 1:ON_SHELF',
    PRODUCT_REVIEW_NUMBER INT,
    PRODUCT_TOTAL_STAR    INT,
    CONSTRAINT PRODUCTS_PRODUCT_CATEGORY_ID_FK FOREIGN KEY (PRODUCT_CATEGORY_ID) REFERENCES PRODUCT_CATEGORY(PRODUCT_CATEGORY_ID),
	CONSTRAINT PRODUCTS_PRODUCT_ID_PK PRIMARY KEY (PRODUCT_ID),
    CONSTRAINT PRODUCTS_PRODUCT_STATUS_CK CHECK (PRODUCT_STATUS IN (0,1))
) ENGINE = INNODB AUTO_INCREMENT = 1 DEFAULT CHARSET = UTF8MB4 COLLATE = UTF8MB4_UNICODE_CI;

INSERT INTO PRODUCTS (PRODUCT_CATEGORY_ID, PRODUCT_PRICE, PRODUCT_DESC, PRODUCT_NAME, PRODUCT_QUANTITY, PRODUCT_STATUS, PRODUCT_REVIEW_NUMBER, PRODUCT_TOTAL_STAR) VALUES (1, 320,  '採用台灣在地鳳梨製作，酥皮香甜不膩口', '台灣鳳梨酥禮盒(12入)', 150, 1, 38, 180);
INSERT INTO PRODUCTS (PRODUCT_CATEGORY_ID, PRODUCT_PRICE, PRODUCT_DESC, PRODUCT_NAME, PRODUCT_QUANTITY, PRODUCT_STATUS, PRODUCT_REVIEW_NUMBER, PRODUCT_TOTAL_STAR) VALUES (2, 480,  '高山嚴選烏龍茶，回甘清香適合送禮',     '阿里山烏龍茶葉禮盒',   80,  1, 22, 102);
INSERT INTO PRODUCTS (PRODUCT_CATEGORY_ID, PRODUCT_PRICE, PRODUCT_DESC, PRODUCT_NAME, PRODUCT_QUANTITY, PRODUCT_STATUS, PRODUCT_REVIEW_NUMBER, PRODUCT_TOTAL_STAR) VALUES (3, 260,  '新鮮百香果熬製，無添加人工色素',       '手工百香果果醬',       120, 1, 15, 68);
INSERT INTO PRODUCTS (PRODUCT_CATEGORY_ID, PRODUCT_PRICE, PRODUCT_DESC, PRODUCT_NAME, PRODUCT_QUANTITY, PRODUCT_STATUS, PRODUCT_REVIEW_NUMBER, PRODUCT_TOTAL_STAR) VALUES (4, 399,  '豬肉嚴選部位，獨家醃製配方香氣十足',   '蜜汁豬肉乾(300g)',     200, 1, 41, 192);
INSERT INTO PRODUCTS (PRODUCT_CATEGORY_ID, PRODUCT_PRICE, PRODUCT_DESC, PRODUCT_NAME, PRODUCT_QUANTITY, PRODUCT_STATUS, PRODUCT_REVIEW_NUMBER, PRODUCT_TOTAL_STAR) VALUES (5, 1280, '精選人氣商品組合，附精美提袋適合節慶', '台灣伴手禮精選禮盒',   60,  1, 57, 270);

-- 3. PRODUCT_IMAGE 商品圖片
CREATE TABLE PRODUCT_IMAGE (
    PRODUCT_IMAGE_ID INT NOT NULL AUTO_INCREMENT,
    PRODUCT_ID       INT NOT NULL,
    PRODUCT_IMAGE    LONGBLOB,
    CONSTRAINT PRODUCT_IMAGE_PRODUCT_ID_FK FOREIGN KEY (PRODUCT_ID) REFERENCES PRODUCTS(PRODUCT_ID),
	CONSTRAINT PRODUCT_IMAGE_PRODUCT_IMAGE_ID_PK PRIMARY KEY (PRODUCT_IMAGE_ID)
) ENGINE = INNODB AUTO_INCREMENT = 1 DEFAULT CHARSET = UTF8MB4 COLLATE = UTF8MB4_UNICODE_CI;

INSERT INTO PRODUCT_IMAGE (PRODUCT_ID, PRODUCT_IMAGE) VALUES (1, NULL);
INSERT INTO PRODUCT_IMAGE (PRODUCT_ID, PRODUCT_IMAGE) VALUES (2, NULL);
INSERT INTO PRODUCT_IMAGE (PRODUCT_ID, PRODUCT_IMAGE) VALUES (3, NULL);
INSERT INTO PRODUCT_IMAGE (PRODUCT_ID, PRODUCT_IMAGE) VALUES (4, NULL);
INSERT INTO PRODUCT_IMAGE (PRODUCT_ID, PRODUCT_IMAGE) VALUES (5, NULL);

-- 4. SHOP_ORDER 商城訂單
CREATE TABLE SHOP_ORDER (
    SHOP_ORDER_ID          INT NOT NULL AUTO_INCREMENT,
    MEMBER_ID              INT NOT NULL,
    SHOP_ORDER_TIME        DATETIME NOT NULL,
    SHOP_ORDER_TOTAL       INT NOT NULL,
    SHOP_ORDER_PICKUP      TINYINT COMMENT '0:PICKUP 1:DELIVERY',
    SHOP_PAYMENT_STATUS    TINYINT COMMENT '0:UNPAID 1:PAID 2:REFUNDED',
    SHOP_ORDER_STATUS      TINYINT COMMENT '0:CREATED 1:SHIPPING 2:DELIVERED 3:CANCELLED',
    SHOP_ORDER_NAME        VARCHAR(30)  NOT NULL,
    SHOP_ORDER_PHONE       VARCHAR(20),
    SHOP_ORDER_ADDRESS     VARCHAR(100),
    SHOP_ORDER_PICKUP_TIME DATETIME,
    SHOP_ORDER_NOTE        VARCHAR(200),
    CONSTRAINT SHOP_ORDER_MEMBER_ID_FK FOREIGN KEY (MEMBER_ID) REFERENCES MEMBERS(MEMBER_ID),
	CONSTRAINT SHOP_ORDER_SHOP_ORDER_ID_PK PRIMARY KEY (SHOP_ORDER_ID),
    CONSTRAINT SHOP_ORDER_SHOP_ORDER_PICKUP_CK CHECK (SHOP_ORDER_PICKUP IN (0,1)),
    CONSTRAINT SHOP_ORDER_SHOP_PAYMENT_STATUS_CK CHECK (SHOP_PAYMENT_STATUS IN (0,1,2)),
	CONSTRAINT SHOP_ORDER_SHOP_ORDER_STATUS_CK CHECK (SHOP_ORDER_STATUS IN (0,1,2,3))
) ENGINE = INNODB AUTO_INCREMENT = 1 DEFAULT CHARSET = UTF8MB4 COLLATE = UTF8MB4_UNICODE_CI;

INSERT INTO SHOP_ORDER (MEMBER_ID, SHOP_ORDER_TIME, SHOP_ORDER_TOTAL, SHOP_ORDER_PICKUP, SHOP_PAYMENT_STATUS, SHOP_ORDER_STATUS, SHOP_ORDER_NAME, SHOP_ORDER_PHONE, SHOP_ORDER_ADDRESS, SHOP_ORDER_PICKUP_TIME, SHOP_ORDER_NOTE) VALUES (1, '2024-01-18 10:00:00', 1280, 1, 1, 2, '王小明', '0912345678', '台北市大安區忠孝東路四段1號',  NULL,                  '幫我附上提袋');
INSERT INTO SHOP_ORDER (MEMBER_ID, SHOP_ORDER_TIME, SHOP_ORDER_TOTAL, SHOP_ORDER_PICKUP, SHOP_PAYMENT_STATUS, SHOP_ORDER_STATUS, SHOP_ORDER_NAME, SHOP_ORDER_PHONE, SHOP_ORDER_ADDRESS, SHOP_ORDER_PICKUP_TIME, SHOP_ORDER_NOTE) VALUES (2, '2024-02-05 14:30:00', 640,  1, 1, 2, '陳美麗', '0923456789', '台中市西區民權路100號',        NULL,                  '送禮用，請附提袋');
INSERT INTO SHOP_ORDER (MEMBER_ID, SHOP_ORDER_TIME, SHOP_ORDER_TOTAL, SHOP_ORDER_PICKUP, SHOP_PAYMENT_STATUS, SHOP_ORDER_STATUS, SHOP_ORDER_NAME, SHOP_ORDER_PHONE, SHOP_ORDER_ADDRESS, SHOP_ORDER_PICKUP_TIME, SHOP_ORDER_NOTE) VALUES (3, '2024-03-10 09:00:00', 320,  0, 1, 2, '林大偉', '0934567890', NULL,                          '2024-03-10 15:00:00', '自取');
INSERT INTO SHOP_ORDER (MEMBER_ID, SHOP_ORDER_TIME, SHOP_ORDER_TOTAL, SHOP_ORDER_PICKUP, SHOP_PAYMENT_STATUS, SHOP_ORDER_STATUS, SHOP_ORDER_NAME, SHOP_ORDER_PHONE, SHOP_ORDER_ADDRESS, SHOP_ORDER_PICKUP_TIME, SHOP_ORDER_NOTE) VALUES (4, '2024-04-01 16:00:00', 798,  1, 1, 1, '張雅婷', '0945678901', '高雄市苓雅區四維三路2號',      NULL,                  NULL);
INSERT INTO SHOP_ORDER (MEMBER_ID, SHOP_ORDER_TIME, SHOP_ORDER_TOTAL, SHOP_ORDER_PICKUP, SHOP_PAYMENT_STATUS, SHOP_ORDER_STATUS, SHOP_ORDER_NAME, SHOP_ORDER_PHONE, SHOP_ORDER_ADDRESS, SHOP_ORDER_PICKUP_TIME, SHOP_ORDER_NOTE) VALUES (5, '2024-05-12 11:30:00', 480,  1, 1, 2, '李建宏', '0956789012', '新北市板橋區中山路一段30號',   NULL,                  '已完成配送，可進行評論');

-- 5. PRODUCT_ORDER_ITEM 商城訂單項目
CREATE TABLE PRODUCT_ORDER_ITEM (
    PRODUCT_ORDER_ITEM_ID  INT NOT NULL AUTO_INCREMENT,
    SHOP_ORDER_ID          INT NOT NULL,
    PRODUCT_ID             INT NOT NULL,
    PROD_ORDER_ITEM_QTY    INT NOT NULL,
    PROD_ORDER_ITEM_PRICE  INT NOT NULL,
    PROD_ORDER_REVIEW_STAT TINYINT COMMENT '0:NOT_REVIEWED 1:REVIEWED',
    CONSTRAINT PRODUCT_ORDER_ITEM_SHOP_ORDER_ID_FK FOREIGN KEY (SHOP_ORDER_ID) REFERENCES SHOP_ORDER(SHOP_ORDER_ID),
	CONSTRAINT PRODUCT_ORDER_ITEM_PRODUCT_ID_FK FOREIGN KEY (PRODUCT_ID) REFERENCES PRODUCTS(PRODUCT_ID),
    CONSTRAINT PRODUCT_ORDER_ITEM_PRODUCT_ORDER_ITEM_ID_PK PRIMARY KEY (PRODUCT_ORDER_ITEM_ID),
    CONSTRAINT PRODUCT_ORDER_ITEM_PROD_ORDER_REVIEW_STAT_CK CHECK (PROD_ORDER_REVIEW_STAT IN (0,1))
) ENGINE = INNODB AUTO_INCREMENT = 1 DEFAULT CHARSET = UTF8MB4 COLLATE = UTF8MB4_UNICODE_CI;

INSERT INTO PRODUCT_ORDER_ITEM (SHOP_ORDER_ID, PRODUCT_ID, PROD_ORDER_ITEM_QTY, PROD_ORDER_ITEM_PRICE, PROD_ORDER_REVIEW_STAT) VALUES (1, 5, 1, 1280, 1);
INSERT INTO PRODUCT_ORDER_ITEM (SHOP_ORDER_ID, PRODUCT_ID, PROD_ORDER_ITEM_QTY, PROD_ORDER_ITEM_PRICE, PROD_ORDER_REVIEW_STAT) VALUES (2, 1, 2, 320,  1);
INSERT INTO PRODUCT_ORDER_ITEM (SHOP_ORDER_ID, PRODUCT_ID, PROD_ORDER_ITEM_QTY, PROD_ORDER_ITEM_PRICE, PROD_ORDER_REVIEW_STAT) VALUES (3, 1, 1, 320,  1);
INSERT INTO PRODUCT_ORDER_ITEM (SHOP_ORDER_ID, PRODUCT_ID, PROD_ORDER_ITEM_QTY, PROD_ORDER_ITEM_PRICE, PROD_ORDER_REVIEW_STAT) VALUES (4, 4, 2, 399,  1);
INSERT INTO PRODUCT_ORDER_ITEM (SHOP_ORDER_ID, PRODUCT_ID, PROD_ORDER_ITEM_QTY, PROD_ORDER_ITEM_PRICE, PROD_ORDER_REVIEW_STAT) VALUES (5, 2, 1, 480,  1);

-- 6. PRODUCT_REVIEW 商品評論
CREATE TABLE PRODUCT_REVIEW (
    PRODUCT_REVIEW_ID     INT NOT NULL AUTO_INCREMENT,
    PRODUCT_ID            INT NOT NULL,
    MEMBER_ID             INT NOT NULL,
    PRODUCT_ORDER_ITEM_ID INT NOT NULL,
    PRODUCT_REVIEW        VARCHAR(1000),
    PRODUCT_RATE          TINYINT COMMENT 'RATING FROM 1 TO 5',
    PRODUCT_REVIEW_DATE   DATETIME NOT NULL,
    CONSTRAINT PRODUCT_REVIEW_PRODUCT_ID_FK FOREIGN KEY (PRODUCT_ID) REFERENCES PRODUCTS(PRODUCT_ID),
	CONSTRAINT PRODUCT_REVIEW_MEMBER_ID_FK FOREIGN KEY (MEMBER_ID) REFERENCES MEMBERS(MEMBER_ID),
    CONSTRAINT PRODUCT_REVIEW_PRODUCT_ORDER_ITEM_ID_FK FOREIGN KEY (PRODUCT_ORDER_ITEM_ID) REFERENCES PRODUCT_ORDER_ITEM(PRODUCT_ORDER_ITEM_ID),
    CONSTRAINT PRODUCT_REVIEW_PRODUCT_REVIEW_ID_PK PRIMARY KEY (PRODUCT_REVIEW_ID),
    CONSTRAINT PRODUCT_REVIEW_PRODUCT_RATE_CK CHECK (PRODUCT_RATE BETWEEN 1 AND 5)
) ENGINE = INNODB AUTO_INCREMENT = 1 DEFAULT CHARSET = UTF8MB4 COLLATE = UTF8MB4_UNICODE_CI;

INSERT INTO PRODUCT_REVIEW (PRODUCT_ID, MEMBER_ID, PRODUCT_ORDER_ITEM_ID, PRODUCT_REVIEW, PRODUCT_RATE, PRODUCT_REVIEW_DATE) VALUES (5, 1, 1, '禮盒包裝精美，朋友收到非常開心，下次還會再買！', 5, '2024-01-22 10:00:00');
INSERT INTO PRODUCT_REVIEW (PRODUCT_ID, MEMBER_ID, PRODUCT_ORDER_ITEM_ID, PRODUCT_REVIEW, PRODUCT_RATE, PRODUCT_REVIEW_DATE) VALUES (1, 2, 2, '鳳梨酥皮酥內餡紮實，甜度適中很好吃', 5, '2024-02-10 14:00:00');
INSERT INTO PRODUCT_REVIEW (PRODUCT_ID, MEMBER_ID, PRODUCT_ORDER_ITEM_ID, PRODUCT_REVIEW, PRODUCT_RATE, PRODUCT_REVIEW_DATE) VALUES (1, 3, 3, '口味不錯，但份量稍少，希望之後可以加量', 4, '2024-03-12 09:30:00');
INSERT INTO PRODUCT_REVIEW (PRODUCT_ID, MEMBER_ID, PRODUCT_ORDER_ITEM_ID, PRODUCT_REVIEW, PRODUCT_RATE, PRODUCT_REVIEW_DATE) VALUES (4, 4, 4, '肉乾香氣足，嚼勁好，家人都很喜歡', 5, '2024-04-05 17:00:00');
INSERT INTO PRODUCT_REVIEW (PRODUCT_ID, MEMBER_ID, PRODUCT_ORDER_ITEM_ID, PRODUCT_REVIEW, PRODUCT_RATE, PRODUCT_REVIEW_DATE) VALUES (2, 5, 5, '茶葉品質優良，送禮大方得體，強烈推薦', 5, '2024-05-15 11:00:00');

-- 7. CART_ITEM 購物車項目
CREATE TABLE CART_ITEM (
    CART_ITEM_ID       INT NOT NULL AUTO_INCREMENT,
    MEMBER_ID          INT NOT NULL,
    PRODUCT_ID         INT NOT NULL,
    CART_ITEM_PROD_QTY INT NOT NULL,
    CONSTRAINT CART_ITEM_MEMBER_ID_FK FOREIGN KEY (MEMBER_ID) REFERENCES MEMBERS(MEMBER_ID),
	CONSTRAINT CART_ITEM_PRODUCT_ID_FK FOREIGN KEY (PRODUCT_ID) REFERENCES PRODUCTS(PRODUCT_ID),
    CONSTRAINT CART_ITEM_CART_ITEM_ID_PK PRIMARY KEY (CART_ITEM_ID)
) ENGINE = INNODB AUTO_INCREMENT = 1 DEFAULT CHARSET = UTF8MB4 COLLATE = UTF8MB4_UNICODE_CI;

INSERT INTO CART_ITEM (MEMBER_ID, PRODUCT_ID, CART_ITEM_PROD_QTY) VALUES (1, 5, 2);
INSERT INTO CART_ITEM (MEMBER_ID, PRODUCT_ID, CART_ITEM_PROD_QTY) VALUES (2, 2, 1);
INSERT INTO CART_ITEM (MEMBER_ID, PRODUCT_ID, CART_ITEM_PROD_QTY) VALUES (3, 4, 3);
INSERT INTO CART_ITEM (MEMBER_ID, PRODUCT_ID, CART_ITEM_PROD_QTY) VALUES (4, 1, 2);
INSERT INTO CART_ITEM (MEMBER_ID, PRODUCT_ID, CART_ITEM_PROD_QTY) VALUES (5, 3, 1);

-- ========================================================================================================
-- 員工&文章
-- ========================================================================================================
-- 1. DEPARTMENT
CREATE TABLE DEPARTMENT (
    DEPARTMENT_ID   INT          NOT NULL AUTO_INCREMENT,
    DEPARTMENT_NAME VARCHAR(50)  NOT NULL,
    STATUS          TINYINT      NOT NULL DEFAULT 1 COMMENT '1=啟用, 0=停用',
    CONSTRAINT PK_DEPARTMENT PRIMARY KEY (DEPARTMENT_ID),
    CONSTRAINT UQ_DEPARTMENT_NAME UNIQUE (DEPARTMENT_NAME)
) ENGINE = INNODB DEFAULT CHARSET = UTF8MB4 COLLATE = UTF8MB4_UNICODE_CI;

-- 2. JOB_TITLE
CREATE TABLE JOB_TITLE (
    JOB_TITLE_ID   INT         NOT NULL AUTO_INCREMENT,
    JOB_TITLE_NAME VARCHAR(50) NOT NULL,
    STATUS         TINYINT     NOT NULL DEFAULT 1 COMMENT '1=啟用, 0=停用',
    CONSTRAINT PK_JOB_TITLE PRIMARY KEY (JOB_TITLE_ID),
    CONSTRAINT UQ_JOB_TITLE_NAME UNIQUE (JOB_TITLE_NAME)
) ENGINE = INNODB DEFAULT CHARSET = UTF8MB4 COLLATE = UTF8MB4_UNICODE_CI;

-- 3. EMPLOYEE  (REFS DEPARTMENT, JOB_TITLE)
CREATE TABLE EMPLOYEE (
    EMPLOYEE_ID     INT          NOT NULL AUTO_INCREMENT,
    DEPARTMENT_ID   INT          NOT NULL,
    EMPLOYEE_NAME   VARCHAR(50)  NOT NULL,
    EMPLOYEE_MAIL   VARCHAR(100) NOT NULL,
    EMPLOYEE_PASSWORD VARCHAR(255) NOT NULL,
    PHONE           VARCHAR(20)  NOT NULL,
    ADDRESS         VARCHAR(255),
    JOB_TITLE_ID    INT          NOT NULL,           -- 對齊 JOB_TITLE PK 型別
    GENDER          ENUM('M','F','OTHER') NOT NULL,  -- ENUM 須給合法值域
    STATUS          TINYINT      NOT NULL DEFAULT 1 COMMENT '1=在職, 0=離職',
    HIRE_DATE       DATE         NOT NULL,
    LAST_LOGIN_TIME DATETIME,
    CONSTRAINT PK_EMPLOYEE  PRIMARY KEY (EMPLOYEE_ID),
    CONSTRAINT UQ_EMPLOYEE_MAIL UNIQUE (EMPLOYEE_MAIL),
    CONSTRAINT FK_EMP_DEPT  FOREIGN KEY (DEPARTMENT_ID)
        REFERENCES DEPARTMENT(DEPARTMENT_ID),
    CONSTRAINT FK_EMP_JOB   FOREIGN KEY (JOB_TITLE_ID)
        REFERENCES JOB_TITLE(JOB_TITLE_ID)
) ENGINE = INNODB DEFAULT CHARSET = UTF8MB4 COLLATE = UTF8MB4_UNICODE_CI;


-- 5. NEWS  (無外來鍵)
CREATE TABLE NEWS (
    NEWS_ID    INT       NOT NULL AUTO_INCREMENT,
    TITLE      VARCHAR(255) NOT NULL,
    CONTENT    LONGTEXT  NOT NULL,
    VIEW_COUNT INT       NOT NULL DEFAULT 0,
    STATUS     TINYINT   NOT NULL DEFAULT 1 COMMENT '1=發布, 0=下架',
    CREATED_AT DATETIME  NOT NULL DEFAULT CURRENT_TIMESTAMP,
    UPDATED_AT DATETIME  NOT NULL DEFAULT CURRENT_TIMESTAMP
                         ON UPDATE CURRENT_TIMESTAMP,
    CONSTRAINT PK_NEWS PRIMARY KEY (NEWS_ID)
) ENGINE = INNODB DEFAULT CHARSET = UTF8MB4 COLLATE = UTF8MB4_UNICODE_CI;

-- 6. ARTICLE  (REFS EMPLOYEE)
CREATE TABLE ARTICLE (
    ARTICLE_ID   INT          NOT NULL AUTO_INCREMENT,
    EMPLOYEE_ID  INT          NOT NULL,
    CATEGORY     VARCHAR(100) NOT NULL,
    VIEW_COUNT   INT          NOT NULL DEFAULT 0,
    STATUS       TINYINT      NOT NULL,
    CONTENT      TEXT         NOT NULL,
    COVER_IMAGE  LONGBLOB     NOT NULL,
    TITLE        VARCHAR(255) NOT NULL,
    CREATE_AT    DATETIME     NOT NULL DEFAULT CURRENT_TIMESTAMP,
    UPDATE_AT    DATETIME     NOT NULL DEFAULT CURRENT_TIMESTAMP
                              ON UPDATE CURRENT_TIMESTAMP,
    CONSTRAINT PK_ARTICLE PRIMARY KEY (ARTICLE_ID),
    CONSTRAINT FK_ARTICLE_EMP FOREIGN KEY (EMPLOYEE_ID)
        REFERENCES EMPLOYEE(EMPLOYEE_ID)
) ENGINE = INNODB DEFAULT CHARSET = UTF8MB4 COLLATE = UTF8MB4_UNICODE_CI;

-- 7. REVIEW  (REFS ARTICLE, MEMBER)
CREATE TABLE REVIEW (
    REVIEW_ID  INT      NOT NULL AUTO_INCREMENT,
    ARTICLE_ID INT      NOT NULL,
    CONTENT    TEXT     NOT NULL,
    LIKE_COUNT INT      NOT NULL DEFAULT 0,
    MEMBER_ID  INT      NOT NULL,
    CREATED_AT DATETIME NOT NULL DEFAULT CURRENT_TIMESTAMP,
    UPDATED_AT DATETIME NOT NULL DEFAULT CURRENT_TIMESTAMP
                        ON UPDATE CURRENT_TIMESTAMP,
    CONSTRAINT PK_REVIEW PRIMARY KEY (REVIEW_ID),
    CONSTRAINT FK_REVIEW_ARTICLE FOREIGN KEY (ARTICLE_ID)
        REFERENCES ARTICLE(ARTICLE_ID),
    CONSTRAINT FK_REVIEW_MEMBER  FOREIGN KEY (MEMBER_ID)
        REFERENCES MEMBERS(MEMBER_ID)
) ENGINE = INNODB DEFAULT CHARSET = UTF8MB4 COLLATE = UTF8MB4_UNICODE_CI;

-- ============================================================
--  SAMPLE INSERT DATA  (依相依順序插入)
-- ============================================================

-- DEPARTMENT
INSERT INTO DEPARTMENT (DEPARTMENT_NAME, STATUS) VALUES
('客房部', 1),
('餐飲部', 1),
('門市部', 1),
('人資部', 1),
('資訊部', 1);

-- JOB_TITLE
INSERT INTO JOB_TITLE (JOB_TITLE_NAME, STATUS) VALUES
('總經理',  1),
('部門主管', 1),
('資深員工', 1),
('一般員工', 1),
('實習生',  1);

-- EMPLOYEE
INSERT INTO EMPLOYEE
    (DEPARTMENT_ID, EMPLOYEE_NAME, EMPLOYEE_MAIL, EMPLOYEE_PASSWORD,
     PHONE, ADDRESS, JOB_TITLE_ID, GENDER, STATUS, HIRE_DATE)
VALUES
(4, '林人資', 'hr.lin@hotel.com',
 '$2a$12$hashedpassword001', '0912-000-001', '台北市信義區', 2, 'F', 1, '2020-03-01'),
(5, '陳資訊', 'it.chen@hotel.com',
 '$2a$12$hashedpassword002', '0912-000-002', '新北市板橋區', 3, 'M', 1, '2021-07-15'),
(1, '王客房', 'room.wang@hotel.com',
 '$2a$12$hashedpassword003', '0912-000-003', '桃園市中壢區', 4, 'M', 1, '2022-01-10'),
(2, '張餐飲', 'food.zhang@hotel.com',
 '$2a$12$hashedpassword004', '0912-000-004', '台中市西屯區', 4, 'F', 1, '2023-05-20');

-- NEWS
INSERT INTO NEWS (TITLE, CONTENT, STATUS) VALUES
('夏日旅遊季開跑', '今年夏季推出全新住宿方案，歡迎提早預訂。', 1),
('餐廳全新菜單上線', '本月起導入季節限定食材，誠摯邀請貴賓品嚐。', 1),
('系統維護公告',    '系統將於本週日凌晨 02:00–04:00 進行例行維護。', 0);

-- ARTICLE (COVER_IMAGE 使用空白佔位；正式環境替換為實際二進位或路徑欄位)
INSERT INTO ARTICLE
    (EMPLOYEE_ID, CATEGORY, VIEW_COUNT, STATUS, CONTENT, COVER_IMAGE, TITLE)
VALUES
(2, '旅遊攻略', 0, 1,
 '台灣北部海岸線擁有絕美礁岩景觀，適合秋冬造訪…',
 '', '北海岸深度旅遊指南'),
(2, '美食推薦', 0, 1,
 '飯店行政主廚親授五道在地料理，品味台灣山海滋味…',
 '', '主廚私房料理特輯'),
(3, '住宿體驗', 0, 1,
 '全新翻修的海景套房現已開放，每間均附私人陽台…',
 '', '海景套房入住體驗分享');

-- REVIEW
INSERT INTO REVIEW (ARTICLE_ID, CONTENT, LIKE_COUNT, MEMBER_ID) VALUES
(1, '文章介紹得很詳盡，地圖也很清楚，下次一定去！', 5, 1),
(1, '北海岸真的超美，已經預訂了！',                  3, 2),
(2, '主廚料理看起來好吃，期待現場品嚐。',             2, 3),
(3, '海景套房照片很吸引人，想訂情人節方案。',          7, 1);

-- ========================================================================================================
-- 房間&房型
-- ========================================================================================================
CREATE TABLE ROOM_TYPE ( 
ROOM_TYPE_ID INT NOT NULL AUTO_INCREMENT COMMENT '房型編號',
ROOM_TYPE_NAME VARCHAR(50) NOT NULL COMMENT '房型名稱',
ROOM_TYPE_AMOUNT INT NOT NULL COMMENT '房型數量',
ROOM_TYPE_CONTENT VARCHAR(1000) NOT NULL COMMENT '房型說明',
ROOM_TYPE_STATUS BOOLEAN DEFAULT 1 COMMENT '房型上下架狀態',
ROOM_TYPE_PRICE INT NOT NULL COMMENT '房型價格',
CONSTRAINT ROOM_TYPE_ROOM_TYPE_ID_PK PRIMARY KEY (ROOM_TYPE_ID)
) ENGINE = INNODB DEFAULT CHARSET = UTF8MB4 COLLATE = UTF8MB4_UNICODE_CI COMMENT = '房型';

CREATE TABLE ROOM ( 
ROOM_ID INT NOT NULL COMMENT '房間編號',
ROOM_TYPE_ID INT NOT NULL COMMENT '房型編號',
ROOM_STATUS TINYINT DEFAULT 0 COMMENT '房間狀態',
ROOM_SWITCH_STATUS BOOLEAN DEFAULT 1 COMMENT '房間啟用狀態' ,
CONSTRAINT ROOM_ROOM_ID_PK PRIMARY KEY (ROOM_ID),
CONSTRAINT ROOM_ROOM_TYPE_ID_FK FOREIGN KEY (ROOM_TYPE_ID)
REFERENCES ROOM_TYPE (ROOM_TYPE_ID)
) ENGINE = INNODB DEFAULT CHARSET = UTF8MB4 COLLATE = UTF8MB4_UNICODE_CI COMMENT = '房間';

CREATE TABLE ROOM_TYPE_PHOTO ( 
ROOM_TYPE_PHOTO_ID INT NOT NULL AUTO_INCREMENT COMMENT '房型圖片編號',
ROOM_TYPE_ID INT NOT NULL COMMENT '房型編號',
ROOM_TYPE_PHOTO LONGBLOB COMMENT '房型圖片',
CONSTRAINT ROOM_TYPE_PHOTO_ROOM_TYPE_PHOTO_ID_PK PRIMARY KEY (ROOM_TYPE_PHOTO_ID),
CONSTRAINT ROOM_TYPE_PHOTO_ROOM_TYPE_ID_FK FOREIGN KEY (ROOM_TYPE_ID)
REFERENCES ROOM_TYPE(ROOM_TYPE_ID)
) ENGINE = INNODB DEFAULT CHARSET = UTF8MB4 COLLATE = UTF8MB4_UNICODE_CI COMMENT = '房型圖片';

CREATE TABLE CANNED_MESSAGE (
CANNED_MESSAGE_ID  INT NOT NULL AUTO_INCREMENT COMMENT '罐頭編號',
CANNED_MESSAGE_QUESTION VARCHAR(100) NOT NULL COMMENT '罐頭問題',
CANNED_MESSAGE_ANSWER VARCHAR(1000) NOT NULL COMMENT '罐頭解答',
CONSTRAINT CANNED_MESSAGE_CANNED_MESSAGE_ID_PK PRIMARY KEY (CANNED_MESSAGE_ID)
) ENGINE = INNODB DEFAULT CHARSET = UTF8MB4 COLLATE = UTF8MB4_UNICODE_CI COMMENT = '罐頭回覆';

INSERT INTO CANNED_MESSAGE (CANNED_MESSAGE_ID, CANNED_MESSAGE_QUESTION, CANNED_MESSAGE_ANSWER) VALUES
(1, '什麼時候能辦理入住?', '隨時都可以，線上辦理在此網頁上即可，現場入住可至飯店地點臨櫃辦理，
依照當日住宿情況可能無空房，如有需要請先撥打電話向櫃台人員確認。'),
(2, '有供應有毛巾、牙刷和牙膏嗎?', '有的，每間房都備有毛巾、牙刷、牙膏、沐浴乳等基本盥洗用具，
如房內缺少、或需要更多，請向房務人員詢問喔。'),
(3, '付款方式有哪些?能現金付款嗎?','線上訂房僅限信用卡，現金付款只適用於臨櫃訂房。'),
(4, '房內設施有什麼?有網路嗎?', '備有液晶電視、冷暖氣、小冰箱、衛浴設備、充電器等等，
住宿期間提供Wifi網路使用。'),
(5, '飯店有停車場可用?需要付錢嗎?', '住宿客免費使用，住宿期間可自由出入，到當日退房時間下午13:00為止，
一般消費者請洽附近的公、私有停車場，目前飯店停車場僅供住宿客使用。');

INSERT INTO ROOM_TYPE (ROOM_TYPE_ID, ROOM_TYPE_NAME, ROOM_TYPE_AMOUNT, ROOM_TYPE_CONTENT, ROOM_TYPE_STATUS, ROOM_TYPE_PRICE) VALUES 
(1, '雙人房', 30, '單人獨享；雙人剛好，適合獨自或有伴侶的旅客，標準且最多人選擇', 1, 4000),
(2, '四人房', 15, '家人、團體住宿的不二選擇，充分的空間和齊全的設備讓人能放鬆的體驗', 1, 7500),
(3, '總統套房', 5, '給只想感受最好的你。上限六人，東方之星就在此處。', 1, 12600);

INSERT INTO ROOM_TYPE_PHOTO (ROOM_TYPE_PHOTO_ID, ROOM_TYPE_ID, ROOM_TYPE_PHOTO) VALUES
(1, 1, NULL),
(2, 2, NULL),
(3, 3, NULL);

INSERT INTO ROOM (ROOM_ID, ROOM_TYPE_ID, ROOM_STATUS, ROOM_SWITCH_STATUS) VALUES
(101, 1, 0, 1),
(102, 1,  1 ,1),
(201, 2,  1, 1),
(202, 2, 1, 1),
(203, 2, 2, 1),
(301, 3, 1, 1),
(302, 3, 1, 1);

-- ========================================================================================================
-- 訂房
-- ========================================================================================================

CREATE TABLE ROOM_ORDER (
    ORDER_ID            INT             NOT NULL AUTO_INCREMENT,
    MEMBER_ID           INT             NOT NULL,
    EMPLOYEE_ID         INT             ,
    COUPON_ID           INT             ,
    ORDER_STATUS        TINYINT         NOT NULL DEFAULT 0  COMMENT '0=PENDING 1=CONFIRMED 2=COMPLETED 3=CANCELED',
    CHECK_IN_DATE       DATE            NOT NULL,
    CHECK_OUT_DATE      DATE            NOT NULL,
    TOTAL_AMOUNT        INT             NOT NULL,
    DISCOUNT_AMOUNT     INT             NOT NULL,
    PAID_AMOUNT         INT             NOT NULL,
    MERCHANT_TRADE_NO   VARCHAR(50)     ,
    ECPAY_TRADE_NO      VARCHAR(50)     ,
    PAYMENT_METHOD      TINYINT         COMMENT '0:CREDIT_CARD 1:ONLINE_PAYMENT',
    CREATED_TIME        DATETIME        NOT NULL DEFAULT CURRENT_TIMESTAMP,
    UPDATED_TIME        DATETIME        NOT NULL DEFAULT CURRENT_TIMESTAMP ON UPDATE CURRENT_TIMESTAMP,
    CONSTRAINT ROOM_ORDER_ORDER_ID_PK     PRIMARY KEY (ORDER_ID),
    CONSTRAINT ROOM_ORDER_MERCHANT_TRADE_NO_UK UNIQUE KEY (MERCHANT_TRADE_NO),
    CONSTRAINT ROOM_ORDER_MEMBER_ID_FK    FOREIGN KEY (MEMBER_ID)   REFERENCES MEMBERS (MEMBER_ID),
    CONSTRAINT ROOM_ORDER_EMPLOYEE_ID_FK  FOREIGN KEY (EMPLOYEE_ID) REFERENCES EMPLOYEE (EMPLOYEE_ID),
    CONSTRAINT ROOM_ORDER_COUPON_ID_FK    FOREIGN KEY (COUPON_ID)   REFERENCES COUPONS (COUPON_ID)
) ENGINE = INNODB DEFAULT CHARSET = UTF8MB4 COLLATE = UTF8MB4_UNICODE_CI;

CREATE TABLE ROOM_ORDER_LIST (
    ORDER_LIST_ID   INT     NOT NULL AUTO_INCREMENT,
    ORDER_ID        INT     NOT NULL,
    ROOM_TYPE_ID    INT     NOT NULL,
    QUANTITY        INT     NOT NULL,
    ROOM_PRICE      INT     NOT NULL,
    SUBTOTAL        INT     NOT NULL,
    CONSTRAINT ROOM_ORDER_LIST_ORDER_LIST_ID_PK PRIMARY KEY (ORDER_LIST_ID),
    CONSTRAINT ROOM_ORDER_LIST_ORDER_ID_FK     FOREIGN KEY (ORDER_ID)     REFERENCES ROOM_ORDER (ORDER_ID),
    CONSTRAINT ROOM_ORDER_LIST_ROOM_TYPE_ID_FK FOREIGN KEY (ROOM_TYPE_ID) REFERENCES ROOM_TYPE (ROOM_TYPE_ID)
) ENGINE = INNODB DEFAULT CHARSET = UTF8MB4 COLLATE = UTF8MB4_UNICODE_CI;

CREATE TABLE STAY_RECORD (
    STAY_ID                 INT         NOT NULL AUTO_INCREMENT,
    ORDER_LIST_ID           INT         NOT NULL,
    ROOM_ID                 INT         NOT NULL,
    STAY_CUSTOMER          VARCHAR(50)      NOT NULL,
    CHECK_IN_EMPLOYEE_ID    INT         NOT NULL,
    CHECK_OUT_EMPLOYEE_ID   INT         ,
    CHECK_IN_TIME           DATETIME    NOT NULL DEFAULT CURRENT_TIMESTAMP,
    CHECK_OUT_TIME          DATETIME    ,
    CONSTRAINT STAY_RECORD_STAY_ID_PK               PRIMARY KEY (STAY_ID),
    CONSTRAINT STAY_RECORD_ORDER_LIST_ID_FK         FOREIGN KEY (ORDER_LIST_ID)         REFERENCES ROOM_ORDER_LIST (ORDER_LIST_ID),
    CONSTRAINT STAY_RECORD_ROOM_ID_FK               FOREIGN KEY (ROOM_ID)               REFERENCES ROOM (ROOM_ID),
    CONSTRAINT STAY_RECORD_CHECK_IN_EMPLOYEE_ID_FK  FOREIGN KEY (CHECK_IN_EMPLOYEE_ID)  REFERENCES EMPLOYEE (EMPLOYEE_ID),
    CONSTRAINT STAY_RECORD_CHECK_OUT_EMPLOYEE_ID_FK FOREIGN KEY (CHECK_OUT_EMPLOYEE_ID) REFERENCES EMPLOYEE (EMPLOYEE_ID)
) ENGINE = INNODB DEFAULT CHARSET = UTF8MB4 COLLATE = UTF8MB4_UNICODE_CI;

CREATE TABLE REFUND_LIST (
    REFUND_ID        INT            NOT NULL AUTO_INCREMENT,
    ORDER_ID         INT            NOT NULL,
    AMOUNT           INT            NOT NULL,
    REFUND_STATUS    TINYINT        NOT NULL DEFAULT 0  COMMENT '0:PENDING 1:COMPLETED',
    ECPAY_REFUND_NO  VARCHAR(50)    ,
    CREATED_TIME     DATETIME       NOT NULL DEFAULT CURRENT_TIMESTAMP,
    REFUND_TIME      DATETIME       ,
    REASON           VARCHAR(100)   NOT NULL,
    EMPLOYEE_ID      INT            ,
    CONSTRAINT REFUND_LIST_REFUND_ID_PK    PRIMARY KEY (REFUND_ID),
    CONSTRAINT REFUND_LIST_ORDER_ID_UK     UNIQUE KEY (ORDER_ID),
    CONSTRAINT REFUND_LIST_ORDER_ID_FK     FOREIGN KEY (ORDER_ID)    REFERENCES ROOM_ORDER (ORDER_ID),
    CONSTRAINT REFUND_LIST_EMPLOYEE_ID_FK  FOREIGN KEY (EMPLOYEE_ID) REFERENCES EMPLOYEE (EMPLOYEE_ID)
) ENGINE = INNODB DEFAULT CHARSET = UTF8MB4 COLLATE = UTF8MB4_UNICODE_CI;

CREATE TABLE ROOM_INVENTORY (
    INVENTORY_DATE  DATE    NOT NULL ,
    ROOM_TYPE_ID    INT     NOT NULL ,
    TOTAL_AMOUNT     INT     NOT NULL COMMENT '房型當天總數',
    BOOKED_AMOUNT    INT     NOT NULL DEFAULT 0 COMMENT '當天已訂數',
    CONSTRAINT ROOM_INVENTORY_PK PRIMARY KEY (INVENTORY_DATE, ROOM_TYPE_ID),
    CONSTRAINT ROOM_INVENTORY_ROOM_TYPE_ID_FK FOREIGN KEY (ROOM_TYPE_ID)
        REFERENCES ROOM_TYPE (ROOM_TYPE_ID)
) ENGINE = INNODB DEFAULT CHARSET = UTF8MB4 COLLATE = UTF8MB4_UNICODE_CI ;

INSERT INTO ROOM_ORDER
    (MEMBER_ID, EMPLOYEE_ID, COUPON_ID, ORDER_STATUS, CHECK_IN_DATE, CHECK_OUT_DATE,
     TOTAL_AMOUNT, DISCOUNT_AMOUNT, PAID_AMOUNT,
     MERCHANT_TRADE_NO, ECPAY_TRADE_NO, PAYMENT_METHOD)
VALUES
    (1, NULL, 1,    1, '2026-08-01', '2026-08-03', 12000, 1000, 11000, 'MTN20260722001', 'ECP20260722001', 1),
    (2, NULL, NULL, 1, '2026-08-05', '2026-08-06',  6000,    0,  6000, 'MTN20260722002', 'ECP20260722002', 0),
    (3, 1,    NULL, 2, '2026-07-15', '2026-07-17',  8000,    0,  8000, 'MTN20260710003', 'ECP20260710003', 1),
    (1, NULL, NULL, 3, '2026-08-10', '2026-08-11',  5000,    0,  5000, 'MTN20260720004', 'ECP20260720004', 1),
    (4, 2,    2,    1, '2026-05-23', '2026-05-26', 18000, 2000, 16000, 'MTN20260520005', 'ECP20260520005', 0),
    (2, NULL, NULL, 1, '2026-09-10', '2026-09-12', 14000,    0, 14000, 'MTN20260724006', 'ECP20260724006', 1);

-- ============================================================
-- ROOM_ORDER_LIST：每張訂單對應的房型明細
-- ============================================================

INSERT INTO ROOM_ORDER_LIST
    (ORDER_ID, ROOM_TYPE_ID, QUANTITY, ROOM_PRICE, SUBTOTAL)
VALUES
    -- ORDER 1: 2 晚標準雙人房 × 2 間
    (1, 1, 2, 3000, 12000),
    -- ORDER 2: 1 晚標準雙人房 × 2 間
    (2, 1, 2, 3000,  6000),
    -- ORDER 3: 2 晚家庭房 × 1 間
    (3, 2, 1, 4000,  8000),
    -- ORDER 4: 1 晚標準雙人房 × 1 間（已取消）
    (4, 1, 1, 5000,  5000),
    -- ORDER 5: 3 晚豪華套房 × 2 間
    (5, 3, 2, 3000, 18000),
    -- ORDER 6: 2 晚標準雙人房 × 1 間（多房型訂單第一種）
    (6, 1, 1, 3000,  6000),
    -- ORDER 6: 2 晚家庭房 × 1 間（多房型訂單第二種）
    (6, 2, 1, 4000,  8000);

-- ============================================================
-- STAY_RECORD：住宿紀錄
-- ORDER 3 已退房
-- ORDER 5 入住中（2 間豪華套房 301 + 302）
-- ============================================================
 
INSERT INTO STAY_RECORD
    (ORDER_LIST_ID, ROOM_ID,CHECK_IN_EMPLOYEE_ID,STAY_CUSTOMER, CHECK_OUT_EMPLOYEE_ID, CHECK_IN_TIME, CHECK_OUT_TIME)
VALUES
    -- ORDER 3 → ORDER_LIST_ID=3, 入住 201 號家庭房，已退房
    (3, 201, 1,'JOHN',1, '2026-07-15 15:30:00', '2026-07-17 11:00:00'),
    -- ORDER 5 → ORDER_LIST_ID=5, 入住 301 號豪華套房，入住中
    (5, 301, 2,'KITTY',NULL, '2026-05-23 16:00:00', NULL),
    -- ORDER 5 → ORDER_LIST_ID=5, 同訂單第二間豪華套房 302，入住中
    (5, 302, 2,'BLACK' ,NULL, '2026-05-23 16:05:00', NULL);

-- ============================================================
-- REFUND_LIST：退款明細
-- ORDER 4 已取消，產生退款紀錄
-- ============================================================

INSERT INTO REFUND_LIST
    (ORDER_ID, AMOUNT, REFUND_STATUS, ECPAY_REFUND_NO, REFUND_TIME, REASON, EMPLOYEE_ID)
VALUES
    -- ORDER 4: 已完成退款
    (4, 5000, 1, 'REF20260721001', '2026-07-22 10:30:00', '客戶行程變更，取消訂單', 3);
    


-- ========================================================================================================
-- 餐廳
-- ========================================================================================================

CREATE TABLE IF NOT EXISTS BUSINESS_HOURS(
	SESSION_ID INT NOT NULL,
    START_TIME TIME NOT NULL,
    END_TIME TIME NOT NULL,
	CONSTRAINT BUSINESS_HOURS_SESSION_ID_PK PRIMARY KEY (SESSION_ID)
) ENGINE = INNODB DEFAULT CHARSET = UTF8MB4 COLLATE = UTF8MB4_UNICODE_CI;

CREATE TABLE IF NOT EXISTS TABLE_TYPE (
    TABLE_TYPE_ID  INT NOT NULL,
    TABLE_TYPE_NAME VARCHAR(50) NOT NULL,
    TABLE_TYPE_COUNT INT NOT NULL,
    CONSTRAINT TABLE_TYPE_TABLE_TYPE_ID_PK PRIMARY KEY (TABLE_TYPE_ID)
) ENGINE = INNODB DEFAULT CHARSET = UTF8MB4 COLLATE = UTF8MB4_UNICODE_CI;
 
CREATE TABLE IF NOT EXISTS AVAILABLE_TABLE (
    DATE              DATE NOT NULL,
    SESSION_ID        INT  NOT NULL,
    LARGE_TABLE_COUNT INT  NOT NULL,
    SMALL_TABLE_COUNT INT  NOT NULL,
    CONSTRAINT AVAILABLE_TABLE_DATE_SESSION_ID_PK PRIMARY KEY (DATE, SESSION_ID),
    CONSTRAINT AVAILABLE_TABLE_SESSION_ID_FK FOREIGN KEY(SESSION_ID) REFERENCES BUSINESS_HOURS(SESSION_ID)
) ENGINE = INNODB DEFAULT CHARSET = UTF8MB4 COLLATE = UTF8MB4_UNICODE_CI;

CREATE TABLE IF NOT EXISTS MENU_CATEGORY (
    CATEGORY_ID   INT         NOT NULL AUTO_INCREMENT,
    CATEGORY_NAME VARCHAR(20) NOT NULL,
    SORT_ORDER    INT         NOT NULL DEFAULT 0,
    CONSTRAINT MENU_CATEGORY_CATEGORY_ID_PK PRIMARY KEY (CATEGORY_ID)
) ENGINE = INNODB DEFAULT CHARSET = UTF8MB4 COLLATE = UTF8MB4_UNICODE_CI;
 
CREATE TABLE IF NOT EXISTS RESTAURANT_MENU (
    ITEM_ID     INT           NOT NULL AUTO_INCREMENT,
    CATEGORY_ID INT           NOT NULL,
    ITEM_NAME   VARCHAR(50)   NOT NULL,
    ITEM_DESC   VARCHAR(200),
    PRICE       DECIMAL(8, 2) NOT NULL,
    IMAGE_URL   VARCHAR(255),
    SORT_ORDER  INT           NOT NULL DEFAULT 0,
    CONSTRAINT RESTAURANT_MENU_ITEM_ID_PK PRIMARY KEY (ITEM_ID),
    CONSTRAINT RESTAURANT_MENU_CATEGORY_ID_FK FOREIGN KEY (CATEGORY_ID) REFERENCES MENU_CATEGORY (CATEGORY_ID)
) ENGINE = INNODB DEFAULT CHARSET = UTF8MB4 COLLATE = UTF8MB4_UNICODE_CI;
 
CREATE TABLE IF NOT EXISTS RESTAURANT_RESERVATION (
    RESERVATION_ID      INT                                    NOT NULL AUTO_INCREMENT,
    MEMBER_ID           INT                                    NOT NULL,
    DATE                DATE                                   NOT NULL,
    SESSION_ID          INT                                    NOT NULL,
    TABLE_TYPE_ID 		INT									   NOT NULL,
    RESERVATION_STATUS  ENUM('BOOKED', 'FINISHED', 'CANCELED') NOT NULL,
    REVIEW_STATUS       BOOLEAN                                NOT NULL,
    RESERVATION_REQUEST VARCHAR(255),
    CONSTRAINT RESTAURANT_RESERVATION_RESERVATION_ID_PK PRIMARY KEY (RESERVATION_ID),
    CONSTRAINT RESTAURANT_RESERVATION_MEMBER_ID_FK  FOREIGN KEY (MEMBER_ID)  REFERENCES MEMBERS (MEMBER_ID),
    CONSTRAINT RESTAURANT_RESERVATION_SESSION_ID_FK FOREIGN KEY (SESSION_ID) REFERENCES BUSINESS_HOURS (SESSION_ID),
    CONSTRAINT RESTAURANT_RESERVATION_TABLE_TYPE_ID FOREIGN KEY (TABLE_TYPE_ID) REFERENCES TABLE_TYPE (TABLE_TYPE_ID)
) ENGINE = INNODB DEFAULT CHARSET = UTF8MB4 COLLATE = UTF8MB4_UNICODE_CI;
 
CREATE TABLE IF NOT EXISTS RESTAURANT_REVIEW (
    REVIEW_ID      INT           NOT NULL AUTO_INCREMENT,
    MEMBER_ID      INT           NOT NULL,
    RESERVATION_ID INT           NOT NULL,
    REVIEW_CONTENT VARCHAR(1000),
    REVIEW_STARS   INT           NOT NULL,
    CONSTRAINT RESTAURANT_REVIEW_REVIEW_ID_PK PRIMARY KEY (REVIEW_ID),
    CONSTRAINT RESTAURANT_REVIEW_MEMBER_ID_FK      FOREIGN KEY (MEMBER_ID)      REFERENCES MEMBERS (MEMBER_ID),
    CONSTRAINT RESTAURANT_REVIEW_RESERVATION_ID_FK FOREIGN KEY (RESERVATION_ID) REFERENCES RESTAURANT_RESERVATION (RESERVATION_ID)
) ENGINE = INNODB DEFAULT CHARSET = UTF8MB4 COLLATE = UTF8MB4_UNICODE_CI;



INSERT INTO BUSINESS_HOURS (SESSION_ID, START_TIME, END_TIME) VALUES
(1,'6:00:00', '9:00:00'),
(2,'11:00:00', '14:00:00'),
(3,'18:00:00', '21:00:00');

INSERT INTO TABLE_TYPE (TABLE_TYPE_ID, TABLE_TYPE_NAME, TABLE_TYPE_COUNT) VALUES
(1, 'LARGE_TABLE', 2),
(2, 'SMALL_TABLE', 8);

INSERT INTO AVAILABLE_TABLE (DATE, SESSION_ID, LARGE_TABLE_COUNT, SMALL_TABLE_COUNT) VALUES
('2026-05-27', 1, 2, 8),
('2026-05-27', 2, 1, 7),
('2026-05-27', 3, 2, 8),
('2026-05-28', 1, 2, 8),
('2026-05-28', 2, 1, 1),
('2026-05-28', 3, 2, 2);

INSERT INTO MENU_CATEGORY (CATEGORY_NAME, SORT_ORDER) VALUES
('前菜',   1),
('主食',   2),
('湯品',   3),
('甜點',   4),
('飲料',   5);

INSERT INTO RESTAURANT_MENU (CATEGORY_ID, ITEM_NAME, ITEM_DESC, PRICE, IMAGE_URL, SORT_ORDER) VALUES
(1, '凱薩沙拉',     '新鮮蘿蔓生菜搭配凱薩醬與帕馬森起司',    180.00, '1.jpg',  1),
(2, '奶油義大利麵', '選用特製奶油醬汁搭配培根與蘑菇',        320.00, '2.jpg',         1),
(3, '南瓜濃湯',     '香濃南瓜搭配鮮奶油與麵包丁',            150.00, '3.jpg',  1),
(4, '提拉米蘇',     '經典義式甜點，濃郁咖啡與馬斯卡彭起司',   220.00, '4.jpg',      1),
(5, '手工檸檬氣泡水','現榨檸檬汁搭配氣泡水與薄荷葉',          120.00, '5.jpg',    1);
 
INSERT INTO RESTAURANT_RESERVATION (MEMBER_ID, DATE, SESSION_ID, TABLE_TYPE_ID, RESERVATION_STATUS, REVIEW_STATUS, RESERVATION_REQUEST) VALUES
(1, '2024-06-01', 1, 1, 'FINISHED',  TRUE,  '素食需求一位'),
(2, '2024-06-10', 3, 1, 'FINISHED',  TRUE, '不吃海鮮'),
(3, '2024-06-15', 2, 2, 'CANCELED',  TRUE, NULL),
(4, '2024-07-01', 2, 2, 'BOOKED',    TRUE, '需要兒童座椅'),
(5, '2024-07-15', 3, 2, 'BOOKED',    TRUE, '慶生，請協助準備蠟燭');

INSERT INTO RESTAURANT_REVIEW (MEMBER_ID, RESERVATION_ID, REVIEW_CONTENT, REVIEW_STARS) VALUES
(1, 1, '食物非常美味，服務態度親切，環境舒適，下次還會再來！',  5),
(2, 2, '整體不錯，但等待時間稍長，希望能改善出餐速度。',       3),
(3, 3, '菜色豐富，擺盤精緻，價格合理，非常推薦！',            4),
(4, 4, '服務生非常熱情，特別協助安排了驚喜，感謝！',           5),
(5, 5, '口味偏重，建議可以提供輕食選項，但整體環境很好。',     4);

-- ====================================================================================================
